"lemma","poscode","surface"
"190","3","190"
"200 cd","3","200 cd"
"200 d","3","200 d"
"200 sd","3","200 sd"
"200 se","3","200 se"
"200 sx","3","200 sx"
"220 cd","3","220 cd"
"220 d","3","220 d"
"220 sd","3","220 sd"
"220 se","3","220 se"
"230 cd","3","230 cd"
"230 d","3","230 d"
"230 sd","3","230 sd"
"230 se","3","230 se"
"240 cd","3","240 cd"
"240 d","3","240 d"
"240 sd","3","240 sd"
"240 se","3","240 se"
"240 sx","3","240 sx"
"250 cd","3","250 cd"
"250 d","3","250 d"
"250 sd","3","250 sd"
"250 se","3","250 se"
"260 cd","3","260 cd"
"260 d","3","260 d"
"260 sd","3","260 sd"
"260 se","3","260 se"
"280 cd","3","280 cd"
"280 d","3","280 d"
"280 sd","3","280 sd"
"280 se","3","280 se"
"3 series","3","3 series"
"300 cd","3","300 cd"
"300 d","3","300 d"
"300 sd","3","300 sd"
"300 se","3","300 se"
"300","3","300"
"300c","3","300c"
"300m","3","300m"
"300s","3","300s"
"320 cd","3","320 cd"
"320 d","3","320 d"
"320 sd","3","320 sd"
"320 se","3","320 se"
"323","3","323"
"350 slc","3","350 slc"
"350","3","350"
"380 slc","3","380 slc"
"380","3","380"
"420 slc","3","420 slc"
"450 slc","3","450 slc"
"450","3","450"
"4-runner","3","4-runner"
"5 series","3","5 series"
"500","3","500"
"500c","3","500c"
"500sl","3","500sl"
"560 slc","3","560 slc"
"560sl","3","560sl"
"6 series","3","6 series"
"60 series","3","60 series"
"626","3","626"
"7 series","3","7 series"
"70 series","3","70 series"
"80 series","3","80 series"
"810","3","810"
"9 - 3","3","9 - 3"
"9 - 5","3","9 - 5"
"986 boxster","3","986 boxster"
"a4","3","a4"
"acadia","3","acadia"
"accent","3","accent"
"accord","3","accord"
"advantage","3","advantage"
"aerostar","3","aerostar"
"alero","3","alero"
"altima","3","altima"
"ascender","3","ascender"
"aspen","3","aspen"
"aura","3","aura"
"avalanche","3","avalanche"
"avalon","3","avalon"
"avenger","3","avenger"
"aveo","3","aveo"
"aviator","3","aviator"
"azera","3","azera"
"b9 tribeca","3","b9 tribeca"
"beetle 1300","3","beetle 1300"
"beetle 1500","3","beetle 1500"
"beretta","3","beretta"
"blazer","3","blazer"
"bonneville","3","bonneville"
"bravada","3","bravada"
"breeze","3","breeze"
"bronco ii","3","bronco ii"
"bronco","3","bronco"
"bronco-fullsize","3","bronco-fullsize"
"b-series","3","b-series"
"c class","3","c class"
"caliber","3","caliber"
"camaro","3","camaro"
"camry","3","camry"
"caprice","3","caprice"
"caravan","3","caravan"
"catalina","3","catalina"
"catera","3","catera"
"cavalier","3","cavalier"
"cayenne","3","cayenne"
"cbe","3","cbe"
"celica","3","celica"
"centurion","3","centurion"
"century","3","century"
"charger","3","charger"
"cherokee","3","cherokee"
"cirrus","3","cirrus"
"civic","3","civic"
"clk","3","clk"
"cobalt","3","cobalt"
"colorado","3","colorado"
"commander","3","commander"
"compass","3","compass"
"concorde","3","concorde"
"continental","3","continental"
"contour","3","contour"
"cooper s","3","cooper s"
"cooper","3","cooper"
"corolla","3","corolla"
"corsica","3","corsica"
"corvette","3","corvette"
"cougar","3","cougar"
"crown victoria","3","crown victoria"
"cruze","3","cruze"
"cr-v","3","cr-v"
"crx","3","crx"
"c-series","3","c-series"
"cts","3","cts"
"cube","3","cube"
"cutlass","3","cutlass"
"cx-5","3","cx-5"
"cx-7","3","cx-7"
"dakota","3","dakota"
"del sol","3","del sol"
"deville","3","deville"
"discovery","3","discovery"
"d-series","3","d-series"
"durango","3","durango"
"durocross","3","durocross"
"echo","3","echo"
"eclipse","3","eclipse"
"edge","3","edge"
"elantra","3","elantra"
"element","3","element"
"enclave","3","enclave"
"envoy","3","envoy"
"equinox","3","equinox"
"es-250","3","es-250"
"es-300","3","es-300"
"es-330","3","es-330"
"es-350","3","es-350"
"escalade esv","3","escalade esv"
"escalade","3","escalade"
"escape","3","escape"
"escort","3","escort"
"e-series","3","e-series"
"excursion","3","excursion"
"expedition","3","expedition"
"explorer","3","explorer"
"f450","3","f450"
"f550","3","f550"
"firebird","3","firebird"
"fit","3","fit"
"fj cruiser","3","fj cruiser"
"fleetwood","3","fleetwood"
"flex","3","flex"
"focus","3","focus"
"forenza","3","forenza"
"forester","3","forester"
"forte","3","forte"
"fortwo","3","fortwo"
"freestar","3","freestar"
"freestyle","3","freestyle"
"fr-s","3","fr-s"
"f-series","3","f-series"
"fullsize blazer k","3","fullsize blazer k"
"fullsize blazer tahoe","3","fullsize blazer tahoe"
"fullsize blazer","3","fullsize blazer"
"fullsize jimmy","3","fullsize jimmy"
"fullsize yukon","3","fullsize yukon"
"fusion","3","fusion"
"fx35","3","fx35"
"fx37","3","fx37"
"fx45","3","fx45"
"fx50","3","fx50"
"g25","3","g25"
"g35","3","g35"
"g37","3","g37"
"g6","3","g6"
"galant","3","galant"
"geo metro","3","geo metro"
"geo storm","3","geo storm"
"geo tracker","3","geo tracker"
"gl class","3","gl class"
"glc","3","glc"
"golf iii","3","golf iii"
"grand am","3","grand am"
"grand cherokee","3","grand cherokee"
"grand prix","3","grand prix"
"grand vitara","3","grand vitara"
"g-series","3","g-series"
"gx470","3","gx470"
"heavy - cbe","3","heavy - cbe"
"heavy cbe","3","heavy cbe"
"hhr","3","hhr"
"highlander","3","highlander"
"hombre","3","hombre"
"hummer h1","3","hummer h1"
"hummer h2","3","hummer h2"
"hummer h3","3","hummer h3"
"impala","3","impala"
"impreza","3","impreza"
"insight","3","insight"
"intrepid","3","intrepid"
"intrigue","3","intrigue"
"ion","3","ion"
"iq","3","iq"
"is-250","3","is-250"
"is-300","3","is-300"
"is-350","3","is-350"
"is-500","3","is-500"
"j2000","3","j2000"
"jetta","3","jetta"
"jimmy","3","jimmy"
"journey","3","journey"
"juke","3","juke"
"k-series","3","k-series"
"l100","3","l100"
"l200","3","l200"
"l300","3","l300"
"lacrosse","3","lacrosse"
"lancer","3","lancer"
"landcruiser","3","landcruiser"
"leaf","3","leaf"
"legacy","3","legacy"
"lesabre","3","lesabre"
"liberty","3","liberty"
"ls","3","ls"
"ls1","3","ls1"
"ls2","3","ls2"
"lucerne","3","lucerne"
"lumina apv","3","lumina apv"
"lumina venture","3","lumina venture"
"lumina","3","lumina"
"lx 450","3","lx 450"
"lx 470","3","lx 470"
"lx 570","3","lx 570"
"m class","3","m class"
"magnum","3","magnum"
"malibu","3","malibu"
"mariner","3","mariner"
"marquis","3","marquis"
"matrix","3","matrix"
"maxima","3","maxima"
"mazda 5","3","mazda 5"
"mazda 6","3","mazda 6"
"mazda3","3","mazda3"
"mdx","3","mdx"
"medium - cbe","3","medium - cbe"
"medium cbe","3","medium cbe"
"miata","3","miata"
"milan","3","milan"
"mirage","3","mirage"
"mkz","3","mkz"
"ml class","3","ml class"
"model s","3","model s"
"montana","3","montana"
"monte carlo","3","monte carlo"
"monterey","3","monterey"
"montero","3","montero"
"mountaineer","3","mountaineer"
"murano","3","murano"
"mustang ii","3","mustang ii"
"mustang","3","mustang"
"mx-5","3","mx-5"
"mystique","3","mystique"
"navigator","3","navigator"
"neon","3","neon"
"new beetle","3","new beetle"
"ninety-eight","3","ninety-eight"
"nitro","3","nitro"
"oasis","3","oasis"
"odyssey","3","odyssey"
"optima","3","optima"
"other make","3","other make"
"outback","3","outback"
"outlook","3","outlook"
"pacifica","3","pacifica"
"parisienne","3","parisienne"
"passat","3","passat"
"pathfinder armada","3","pathfinder armada"
"pathfinder","3","pathfinder"
"patriot","3","patriot"
"pilot","3","pilot"
"prius","3","prius"
"protege","3","protege"
"pt cruiser","3","pt cruiser"
"q50","3","q50"
"quest","3","quest"
"qx56","3","qx56"
"rabbit","3","rabbit"
"raider","3","raider"
"ram","3","ram"
"ranger","3","ranger"
"rav-4","3","rav-4"
"rendezvous","3","rendezvous"
"rio 5","3","rio 5"
"rio","3","rio"
"rodeo","3","rodeo"
"rogue","3","rogue"
"rondo","3","rondo"
"r-series","3","r-series"
"rx300","3","rx300"
"rx330h","3","rx330h"
"rx350","3","rx350"
"rx350h","3","rx350h"
"rx400h","3","rx400h"
"rx-8","3","rx-8"
"s class","3","s class"
"s-10 blazer","3","s-10 blazer"
"s15","3","s15"
"sable","3","sable"
"safari","3","safari"
"santa fe","3","santa fe"
"sc 430","3","sc 430"
"scion tc","3","scion tc"
"scion xb","3","scion xb"
"scion xd","3","scion xd"
"sebring","3","sebring"
"sedona","3","sedona"
"sentra","3","sentra"
"sephia","3","sephia"
"sequoia","3","sequoia"
"sienna","3","sienna"
"silhouette","3","silhouette"
"sl","3","sl"
"solara","3","solara"
"sonata","3","sonata"
"sonic","3","sonic"
"sonoma","3","sonoma"
"sorento","3","sorento"
"soul","3","soul"
"spectra","3","spectra"
"sport trac","3","sport trac"
"sprinter","3","sprinter"
"srx","3","srx"
"stratus","3","stratus"
"sts","3","sts"
"s-type","3","s-type"
"suburban","3","suburban"
"sunbird","3","sunbird"
"sunfire","3","sunfire"
"sx4","3","sx4"
"t-100","3","t-100"
"t15","3","t15"
"tacoma","3","tacoma"
"taurus x","3","taurus x"
"taurus","3","taurus"
"tercel","3","tercel"
"terrain","3","terrain"
"thunderbird","3","thunderbird"
"tiburon","3","tiburon"
"tiguan","3","tiguan"
"titan","3","titan"
"tl","3","tl"
"topaz","3","topaz"
"touareg","3","touareg"
"town and country","3","town and country"
"town car","3","town car"
"tracer","3","tracer"
"trailblazer","3","trailblazer"
"trans am","3","trans am"
"trans sport","3","trans sport"
"traverse","3","traverse"
"tribute","3","tribute"
"trooper ii","3","trooper ii"
"trooper","3","trooper"
"tsx","3","tsx"
"tucson","3","tucson"
"tundra","3","tundra"
"typhoon","3","typhoon"
"uplander","3","uplander"
"versa","3","versa"
"vibe","3","vibe"
"vision","3","vision"
"volt","3","volt"
"voyager","3","voyager"
"v-series","3","v-series"
"vue","3","vue"
"wildcat","3","wildcat"
"windstar","3","windstar"
"w-series","3","w-series"
"x5","3","x5"
"xb","3","xb"
"xc90","3","xc90"
"xterra","3","xterra"
"x-type","3","x-type"
"yaris","3","yaris"
"z4","3","z4"
"zephyr","3","zephyr"
